{"global_mean": 0.403904718830092, "smoothing": 10, "encodings": {"main_cat_code": {"0": 0.44570281961338953, "1": 0.590522191580667, "2": 0.27161305849080436, "3": 0.653656827591799, "4": 0.4179013636992333, "5": 0.28512905361951274, "6": 0.41962078158918004, "7": 0.2766690674213052, "8": 0.43831709338885827, "9": 0.23760261718774242, "10": 0.5278249489016925, "11": 0.3394545867926478, "12": 0.3457138498728633, "13": 0.23748279574276968, "14": 0.635692041369472}, "sub_cat_code": {"0": 0.430268124297975, "1": 0.23157403084935838, "2": 0.39983674680610626, "3": 0.17207809437660182, "4": 0.2606200374390673, "5": 0.3065461457751974, "6": 0.7002368776632043, "7": 0.2298648358258284, "8": 0.0718753645589776, "9": 0.2878671169185809, "10": 0.4469292381667451, "11": 0.5456564930733705, "12": 0.29385824154554757, "13": 0.22809523536899318, "14": 0.4952428078628758, "15": 0.4482948016112071, "16": 0.5329892233149668, "17": 0.15986916034600931, "18": 0.45974062633319535, "19": 0.37773626661040843, "20": 0.23421689938815293, "21": 0.7189499279051518, "22": 0.40986364400132563, "23": 0.6742506541544634, "24": 0.4429927864745329, "25": 0.6466961755063972, "26": 0.5476036781149619, "27": 0.2565771247363287, "28": 0.3810682449041456, "29": 0.2926570403944173, "30": 0.6700382588758675, "31": 0.1801007787740789, "32": 0.2822840711446463, "33": 0.22930570372748793, "34": 0.1747458399859047, "35": 0.5184647963010749, "36": 0.6907377221411078, "37": 0.40085460658314676, "38": 0.3188972957503188, "39": 0.41042737139316254, "40": 0.42486212234529475, "41": 0.28210469969739854, "42": 0.3674105629367392, "43": 0.23697900202474106, "44": 0.23636823148681663, "45": 0.45005916240651656, "46": 0.30879455536171957, "47": 0.4538187921998795, "48": 0.21473298456801992, "49": 0.36792994705909465, "50": 0.19430112358673435, "51": 0.2308154404595277, "52": 0.29383118313218803, "53": 0.592187475887088, "54": 0.2748867939068299, "55": 0.35719028142352527, "56": 0.4150622434886671, "57": 0.23142533057245207, "58": 0.3187374351600025, "59": 0.1410768995152939, "60": 0.3788257483174341, "61": 0.3562874918337605, "62": 0.2995906073173091, "63": 0.35075317604900763, "64": 0.3648509083018778, "65": 0.42001331040412365, "66": 0.597854382020508, "67": 0.3835392381506902, "68": 0.17563615116779693, "69": 0.37041419437519746, "70": 0.5625981148498488, "71": 0.5452419966733644, "72": 0.6843666310959733, "73": 0.5165001289297839, "74": 0.25191151485213087, "75": 0.6326805398932448, "76": 0.28412261991787047, "77": 0.29823451567671644, "78": 0.47314886120856264, "79": 0.5002568893967165, "80": 0.35614468450289344, "81": 0.6178520678361897, "82": 0.5093534274692703, "83": 0.57282311386789, "84": 0.21453906293635225, "85": 0.3653879055522523, "86": 0.42837293917457153, "87": 0.37545633908552223, "88": 0.10804982885088685, "89": 0.2756829172952151, "90": 0.5079516144052617, "91": 0.38961055656647464, "92": 0.5438149887923974, "93": 0.43311097452667946, "94": 0.1975976179707523, "95": 0.30054291773186403, "96": 0.37619281505865776, "97": 0.25137440104272607, "98": 0.47042931288990714, "99": 0.6412422891040168, "100": 0.4520378071071207, "101": 0.32746773073178426, "102": 0.17033365434218312, "103": 0.4341759507697582, "104": 0.3559334235043367, "105": 0.19252650412886965, "106": 0.49007003672980154, "107": 0.6186734363000009, "108": 0.3908856503224985, "109": 0.5163424682401228, "110": 0.4882810632719624, "111": 0.25556696045569044, "112": 0.27450884107600526, "113": 0.42767724370163623, "114": 0.5362740109371693, "115": 0.3208160893947986, "116": 0.5290624319480041, "117": 0.44334758795389767, "118": 0.2904209737434916, "119": 0.2745092902082345, "120": 0.45856406074303924, "121": 0.20039252411872072, "122": 0.6780491481984019, "123": 0.18129720019232337, "124": 0.4564054543405362, "125": 0.5582119680548869, "126": 0.32145289918467823, "127": 0.42701906487343627, "128": 0.42333263066983845, "129": 0.5873405073349673, "130": 0.34106162216189445, "131": 0.14987585498967693, "132": 0.4806876016989244, "133": 0.4237512977655062, "134": 0.3859148668622201, "135": 0.3964719948949743, "136": 0.6687621275189601, "137": 0.4757393257000484, "138": 0.22999108946655805, "139": 0.17327372225371312, "140": 0.3132665756462659, "141": 0.6584567269831203, "142": 0.315663587810458, "143": 0.22721888393530185, "144": 0.6226560798700103, "145": 0.3372187863059246, "146": 0.15637202246344037, "147": 0.2927826339340199, "148": 0.2542897631444534, "149": 0.4062198549978161, "150": 0.35266263645494256, "151": 0.10285024541955415, "152": 0.5751354063177609, "153": 0.3324517733142894, "154": 0.2707823124289181, "155": 0.33646258141429347, "156": 0.47499314592509445, "157": 0.24312334581302242, "158": 0.5189045979122899}, "country_code": {"0": 0.23674057808727966, "1": 0.3022103270925063, "2": 0.2804650635240675, "3": 0.3350617820235648, "4": 0.3033379024727465, "5": 0.27137079942150066, "6": 0.391763432069921, "7": 0.26584879892624974, "8": 0.3651137808402046, "9": 0.410903655781125, "10": 0.43776935593713767, "11": 0.29988856890000165, "12": 0.1864971194866883, "13": 0.34617404097589377, "14": 0.3110180549707055, "15": 0.2771747989305392, "16": 0.48044659428418596, "17": 0.2582167249940066, "18": 0.27148026552881194, "19": 0.36474416391009895, "20": 0.33983741681901375, "21": 0.40731038002299425, "22": 0.41800557190909454}}}